<?xml version="1.0" encoding="UTF-8" standalone="yes"?>
<!--
    Custom Batch Installer Manifest File
    
-->
<installer>
    <!--
        Addons is a required container for a list of addon username and addon_id pairs.
        Each container requires both pairs.
    -->
    <addons>
        <addon>
            <addon_id>repository.kodibae-1.0.0.zip</addon_id>
            <username>kodibae</username>
        </addon>
        <addon>
            <addon_id>repository.cmik.xbmc.addons-0.0.1.zip</addon_id>
            <username>cmik</username>
        </addon>
    </addons>
</installer>
